Title,isExperienceEligible,years_occurrence,Company,Location,Link
Python Developer Fresher - REMOTE,True,[],Lifelancer,"Ahmedabad, Gujarat, India",https://in.linkedin.com/jobs/view/python-developer-fresher-remote-at-lifelancer-3800991054?refId=QWb7770UiSFP3BEW1eHBXQ%3D%3D&trackingId=iaPuEVKQJ9ZRVRcC2c6O3w%3D%3D&position=1&pageNum=0&trk=public_jobs_jserp-result_search-card
Fresher Python Developer (Trainee)-,True,['least 0-1 years'],Ovidtech Technologies,"Kakinada, Andhra Pradesh, India",https://in.linkedin.com/jobs/view/fresher-python-developer-trainee-at-ovidtech-technologies-3800577520?refId=QWb7770UiSFP3BEW1eHBXQ%3D%3D&trackingId=QPjpibnJu2GKnB9tcIXUcA%3D%3D&position=2&pageNum=0&trk=public_jobs_jserp-result_search-card
Python Developer,True,[' / mca.15 years'],CODEPRISM TECHNOLOGIES PVT. LTD.,"Hyderabad, Telangana, India",https://in.linkedin.com/jobs/view/python-developer-at-codeprism-technologies-pvt-ltd-3804921133?refId=QWb7770UiSFP3BEW1eHBXQ%3D%3D&trackingId=RTbQCOQcqbKAkMI5vD%2F2Yw%3D%3D&position=3&pageNum=0&trk=public_jobs_jserp-result_search-card
Fresher Python Developer (Trainee)-,True,['least 0-1 years'],Ovidtech Technologies,"Visakhapatnam, Andhra Pradesh, India",https://in.linkedin.com/jobs/view/fresher-python-developer-trainee-at-ovidtech-technologies-3804760556?refId=QWb7770UiSFP3BEW1eHBXQ%3D%3D&trackingId=p3AF4MsmH6LSMu3kd%2FWGAQ%3D%3D&position=4&pageNum=0&trk=public_jobs_jserp-result_search-card
Fresher Python Developer (Trainee)-,True,['least 0-1 years'],Ovidtech Technologies,"Hyderabad, Telangana, India",https://in.linkedin.com/jobs/view/fresher-python-developer-trainee-at-ovidtech-technologies-3800576630?refId=QWb7770UiSFP3BEW1eHBXQ%3D%3D&trackingId=KJwNRP%2F7y0hIhNUuG0EAqg%3D%3D&position=5&pageNum=0&trk=public_jobs_jserp-result_search-card
Python Developer,True,[' exp: 2-7 years'],Fluper,"Gautam Buddha Nagar, Uttar Pradesh, India",https://in.linkedin.com/jobs/view/python-developer-at-fluper-3800924816?refId=QWb7770UiSFP3BEW1eHBXQ%3D%3D&trackingId=hvxjb2bmx1RQAPnnOcuHmA%3D%3D&position=6&pageNum=0&trk=public_jobs_jserp-result_search-card
Remote Python Developer,True,[],Turing,India,https://in.linkedin.com/jobs/view/remote-python-developer-at-turing-3808868660?refId=QWb7770UiSFP3BEW1eHBXQ%3D%3D&trackingId=FIiW8%2FdQMuCPe%2Bx%2F4PUqMw%3D%3D&position=7&pageNum=0&trk=public_jobs_jserp-result_search-card
Python Developer,True,"[' exp: 0-1 years', 'he coming years']",AxisTechnolabs,"Ahmedabad, Gujarat, India",https://in.linkedin.com/jobs/view/python-developer-at-axistechnolabs-3800924238?refId=QWb7770UiSFP3BEW1eHBXQ%3D%3D&trackingId=Oz9SPMZZ%2BUrJ%2BvgyZwm%2B1A%3D%3D&position=8&pageNum=0&trk=public_jobs_jserp-result_search-card
Software Engineer (Python),True,[],Soroco,"Bengaluru, Karnataka, India",https://in.linkedin.com/jobs/view/software-engineer-python-at-soroco-3807318641?refId=QWb7770UiSFP3BEW1eHBXQ%3D%3D&trackingId=cHlOwcEMcdt5lnVTaJQL%2BA%3D%3D&position=9&pageNum=0&trk=public_jobs_jserp-result_search-card
Remote Python Developer,True,[],Turing,India,https://in.linkedin.com/jobs/view/remote-python-developer-at-turing-3808871344?refId=QWb7770UiSFP3BEW1eHBXQ%3D%3D&trackingId=5YqH%2BozJ9PoWHzy7%2B7fafw%3D%3D&position=10&pageNum=0&trk=public_jobs_jserp-result_search-card
Trainee Full Stack Developer,True,[' exp: 0-3 years'],MWT Technologies Pvt Ltd,"Ernakulam, Kerala, India",https://in.linkedin.com/jobs/view/trainee-full-stack-developer-at-mwt-technologies-pvt-ltd-3800921715?refId=QWb7770UiSFP3BEW1eHBXQ%3D%3D&trackingId=JtAUmAOoQX89%2FkikT0R6qg%3D%3D&position=11&pageNum=0&trk=public_jobs_jserp-result_search-card
SQL Developer (Java/Python),False,"['e- 3 to 5 years', ': ·3 to 5 years']",Talentica Software,India,https://in.linkedin.com/jobs/view/sql-developer-java-python-at-talentica-software-3797583834?refId=QWb7770UiSFP3BEW1eHBXQ%3D%3D&trackingId=hGywGDMQZVo59nU0Ydi0Jw%3D%3D&position=12&pageNum=0&trk=public_jobs_jserp-result_search-card
Remote Python Developer,True,[],Turing,India,https://in.linkedin.com/jobs/view/remote-python-developer-at-turing-3808872193?refId=QWb7770UiSFP3BEW1eHBXQ%3D%3D&trackingId=2enC%2BOjCAoDcyFW1KyyBTQ%3D%3D&position=13&pageNum=0&trk=public_jobs_jserp-result_search-card
Remote Python Developer,True,[],Turing,India,https://in.linkedin.com/jobs/view/remote-python-developer-at-turing-3808866809?refId=QWb7770UiSFP3BEW1eHBXQ%3D%3D&trackingId=bgetq%2FjLNxgXYmUWYcikNw%3D%3D&position=14&pageNum=0&trk=public_jobs_jserp-result_search-card
Remote Python Developer,True,[],Turing,India,https://in.linkedin.com/jobs/view/remote-python-developer-at-turing-3808869586?refId=QWb7770UiSFP3BEW1eHBXQ%3D%3D&trackingId=vADr0vkJ%2FEgDvLp%2FVLWfrg%3D%3D&position=15&pageNum=0&trk=public_jobs_jserp-result_search-card
Remote Python Developer,True,[],Turing,India,https://in.linkedin.com/jobs/view/remote-python-developer-at-turing-3808866832?refId=QWb7770UiSFP3BEW1eHBXQ%3D%3D&trackingId=Sjqw5QYd01FuTB5bHHKXPA%3D%3D&position=16&pageNum=0&trk=public_jobs_jserp-result_search-card
Remote Python Developer,True,[],Turing,India,https://in.linkedin.com/jobs/view/remote-python-developer-at-turing-3808869596?refId=QWb7770UiSFP3BEW1eHBXQ%3D%3D&trackingId=M56HUMuyosRYG9YWB%2BJiVw%3D%3D&position=17&pageNum=0&trk=public_jobs_jserp-result_search-card
Software Developer - Python,True,['ving 0- 2 years'],Quadeye,"Gurgaon, Haryana, India",https://in.linkedin.com/jobs/view/software-developer-python-at-quadeye-3810301949?refId=QWb7770UiSFP3BEW1eHBXQ%3D%3D&trackingId=a1jTQM0GnWMEYvCHAMCfDA%3D%3D&position=18&pageNum=0&trk=public_jobs_jserp-result_search-card
Remote Python Developer,True,[],Turing,India,https://in.linkedin.com/jobs/view/remote-python-developer-at-turing-3808867947?refId=QWb7770UiSFP3BEW1eHBXQ%3D%3D&trackingId=u7j3bTVrlZpjMJPGE%2FrkQQ%3D%3D&position=19&pageNum=0&trk=public_jobs_jserp-result_search-card
Remote Python Developer,True,[],Turing,India,https://in.linkedin.com/jobs/view/remote-python-developer-at-turing-3808869621?refId=QWb7770UiSFP3BEW1eHBXQ%3D%3D&trackingId=D9gKf2YFyD6uUu1%2Fkjlnww%3D%3D&position=20&pageNum=0&trk=public_jobs_jserp-result_search-card
Fresher Python Developer (Trainee)-,True,['least 0-1 years'],Ovidtech Technologies,"Chennai, Tamil Nadu, India",https://in.linkedin.com/jobs/view/fresher-python-developer-trainee-at-ovidtech-technologies-3800579399?refId=QWb7770UiSFP3BEW1eHBXQ%3D%3D&trackingId=pS5MnlFH2cazxQutTfrDAw%3D%3D&position=21&pageNum=0&trk=public_jobs_jserp-result_search-card
Python Developer,True,[' exp: 0-3 years'],CONNECTING 2 WORK,"Thiruvananthapuram, Kerala, India",https://in.linkedin.com/jobs/view/python-developer-at-connecting-2-work-3800921879?refId=QWb7770UiSFP3BEW1eHBXQ%3D%3D&trackingId=sz0lxoBA0AQe%2FfgXuVH9LA%3D%3D&position=22&pageNum=0&trk=public_jobs_jserp-result_search-card
Python Developer,True,[],Fusion Plus Solutions Inc,"Hyderabad, Telangana, India",https://in.linkedin.com/jobs/view/python-developer-at-fusion-plus-solutions-inc-3800554922?refId=QWb7770UiSFP3BEW1eHBXQ%3D%3D&trackingId=YFBB7I%2FvLb6rnMh9SvRqRQ%3D%3D&position=23&pageNum=0&trk=public_jobs_jserp-result_search-card
Python Developer,True,['ience 1-3 years'],Ausweg Info Controls Pvt Ltd,"Coimbatore, Tamil Nadu, India",https://in.linkedin.com/jobs/view/python-developer-at-ausweg-info-controls-pvt-ltd-3798178932?refId=QWb7770UiSFP3BEW1eHBXQ%3D%3D&trackingId=G%2F4vO79jAiYAdqAtrQYwNQ%3D%3D&position=24&pageNum=0&trk=public_jobs_jserp-result_search-card
Fresher Python Developer (Trainee)-,True,['least 0-1 years'],Ovidtech Technologies,"Madurai, Tamil Nadu, India",https://in.linkedin.com/jobs/view/fresher-python-developer-trainee-at-ovidtech-technologies-3800578505?refId=QWb7770UiSFP3BEW1eHBXQ%3D%3D&trackingId=jV9Dz2CpaXG7opH9Q5Y%2FMA%3D%3D&position=25&pageNum=0&trk=public_jobs_jserp-result_search-card
Python Developer,True,[' exp: 2-5 years'],V Support Solutions,"Chennai, Tamil Nadu, India",https://in.linkedin.com/jobs/view/python-developer-at-v-support-solutions-3800922139?refId=aX5rsAyyh4jaIpyl9lNnqg%3D%3D&trackingId=LoNQFjujI4UvUTjm6boZkA%3D%3D&position=1&pageNum=1&trk=public_jobs_jserp-result_search-card
Python Developer,True,[' exp: 2-3 years'],Nliven Technologies Pvt. Ltd.,"Indore, Madhya Pradesh, India",https://in.linkedin.com/jobs/view/python-developer-at-nliven-technologies-pvt-ltd-3800941065?refId=aX5rsAyyh4jaIpyl9lNnqg%3D%3D&trackingId=d%2BYwe8flyhsAcN4kfaPycA%3D%3D&position=2&pageNum=1&trk=public_jobs_jserp-result_search-card
Python Developer,True,[],Patch Infotech Pvt Ltd,"Bengaluru, Karnataka, India",https://in.linkedin.com/jobs/view/python-developer-at-patch-infotech-pvt-ltd-3800574503?refId=aX5rsAyyh4jaIpyl9lNnqg%3D%3D&trackingId=11VfjknwMy7k2QbseTIMNQ%3D%3D&position=3&pageNum=1&trk=public_jobs_jserp-result_search-card
Development Python Developer,False,"[' exp: 4-6 years', 'ience 4 6 years']",Kanmalai Technologies Pvt Ltd,"Coimbatore, Tamil Nadu, India",https://in.linkedin.com/jobs/view/development-python-developer-at-kanmalai-technologies-pvt-ltd-3800925800?refId=aX5rsAyyh4jaIpyl9lNnqg%3D%3D&trackingId=u%2Bq%2FDANn1uDWJ8wHhJefmA%3D%3D&position=4&pageNum=1&trk=public_jobs_jserp-result_search-card
Python Developer,False,['t least 3 years'],FiftyFive Technologies,"Gurgaon, Haryana, India",https://in.linkedin.com/jobs/view/python-developer-at-fiftyfive-technologies-3798121795?refId=aX5rsAyyh4jaIpyl9lNnqg%3D%3D&trackingId=Uq3SPU1W2o5km74wt53r0Q%3D%3D&position=5&pageNum=1&trk=public_jobs_jserp-result_search-card
Front-end Engineer/Web Developer (SDE 1 &amp; 2),False,"[' exp: 4-7 years', 'ersity. 2 years']",BOX8,"Bengaluru, Karnataka, India",https://in.linkedin.com/jobs/view/front-end-engineer-web-developer-sde-1-amp-2-at-box8-3800928381?refId=aX5rsAyyh4jaIpyl9lNnqg%3D%3D&trackingId=cTuWhI3B9JU4gy8hbt074A%3D%3D&position=6&pageNum=1&trk=public_jobs_jserp-result_search-card
Python Developer,True,"[' exp: 2-5 years', 'minimum 2 years']",Ivan Infotech Pvt. Ltd.,"Kolkata, West Bengal, India",https://in.linkedin.com/jobs/view/python-developer-at-ivan-infotech-pvt-ltd-3800921821?refId=aX5rsAyyh4jaIpyl9lNnqg%3D%3D&trackingId=VCfnf0YAstrngo%2BePMJ9wA%3D%3D&position=7&pageNum=1&trk=public_jobs_jserp-result_search-card
Python Developer,True,['an 1 year years'],Hedgeloop,"Hyderabad, Telangana, India",https://in.linkedin.com/jobs/view/python-developer-at-hedgeloop-3809432565?refId=aX5rsAyyh4jaIpyl9lNnqg%3D%3D&trackingId=6%2BagBwusJnP%2FokuklCZkYg%3D%3D&position=8&pageNum=1&trk=public_jobs_jserp-result_search-card
Python/Django Developer,True,[],iGeek,"Surat, Gujarat, India",https://in.linkedin.com/jobs/view/python-django-developer-at-igeek-3803174428?refId=aX5rsAyyh4jaIpyl9lNnqg%3D%3D&trackingId=HR2n%2FY3e%2BuM3%2FkDmdRYxDA%3D%3D&position=9&pageNum=1&trk=public_jobs_jserp-result_search-card
Python Developer,True,[],Nouveau Labs,"Bengaluru, Karnataka, India",https://in.linkedin.com/jobs/view/python-developer-at-nouveau-labs-3804532827?refId=aX5rsAyyh4jaIpyl9lNnqg%3D%3D&trackingId=6Cf9RYv%2BsBfj%2BGlUcMhyOQ%3D%3D&position=10&pageNum=1&trk=public_jobs_jserp-result_search-card
Python Developer,True,[' exp: 0-3 years'],Techasoft Pvt Ltd,"Bengaluru, Karnataka, India",https://in.linkedin.com/jobs/view/python-developer-at-techasoft-pvt-ltd-3800941117?refId=aX5rsAyyh4jaIpyl9lNnqg%3D%3D&trackingId=JwG%2BoRXtP9MS0G6PqTo8%2FA%3D%3D&position=11&pageNum=1&trk=public_jobs_jserp-result_search-card
Python Developer,True,[],Hexatic Tech Pvt Ltd,"Pune, Maharashtra, India",https://in.linkedin.com/jobs/view/python-developer-at-hexatic-tech-pvt-ltd-3803761148?refId=aX5rsAyyh4jaIpyl9lNnqg%3D%3D&trackingId=6M0wllUOOOGEyL109kWMHw%3D%3D&position=12&pageNum=1&trk=public_jobs_jserp-result_search-card
Full stack junior developer,True,['ld.2 to 4 years'],Sony India,"Bengaluru, Karnataka, India",https://in.linkedin.com/jobs/view/full-stack-junior-developer-at-sony-india-3810331705?refId=aX5rsAyyh4jaIpyl9lNnqg%3D%3D&trackingId=d07fZUP5OSI29e0BaETxOw%3D%3D&position=13&pageNum=1&trk=public_jobs_jserp-result_search-card
Python Developer Trainee (Any Freshers)-,True,['roven 0-1 years'],Razormet Technologies,"Kalaburagi, Karnataka, India",https://in.linkedin.com/jobs/view/python-developer-trainee-any-freshers-at-razormet-technologies-3806734597?refId=aX5rsAyyh4jaIpyl9lNnqg%3D%3D&trackingId=ChjXmA%2Be907P8FQn16xO6g%3D%3D&position=14&pageNum=1&trk=public_jobs_jserp-result_search-card
Python Developer,True,"[' exp: 2-5 years', 'um of 2-5 years']",WBC Software Lab,"Chennai, Tamil Nadu, India",https://in.linkedin.com/jobs/view/python-developer-at-wbc-software-lab-3800922193?refId=aX5rsAyyh4jaIpyl9lNnqg%3D%3D&trackingId=8cb81H%2FuTUT91zp8yHu%2FXw%3D%3D&position=15&pageNum=1&trk=public_jobs_jserp-result_search-card
Python Developer Trainee (Any Freshers)-,True,['roven 0-1 years'],Razormet Technologies,"Kolhapur, Maharashtra, India",https://in.linkedin.com/jobs/view/python-developer-trainee-any-freshers-at-razormet-technologies-3806738346?refId=aX5rsAyyh4jaIpyl9lNnqg%3D%3D&trackingId=P5NGTM4bF9PAIfl0%2FK%2Fh4g%3D%3D&position=16&pageNum=1&trk=public_jobs_jserp-result_search-card
Python Engineer - Django Framework,False,"['re than 8 years', ' least 8+ years']",Awign,"Hyderabad, Telangana, India",https://in.linkedin.com/jobs/view/python-engineer-django-framework-at-awign-3800598386?refId=aX5rsAyyh4jaIpyl9lNnqg%3D%3D&trackingId=IilN1FmdA1chOa4XyPbgpw%3D%3D&position=17&pageNum=1&trk=public_jobs_jserp-result_search-card
Python Developer,True,[],Twenty20 Systems,"Bengaluru, Karnataka, India",https://in.linkedin.com/jobs/view/python-developer-at-twenty20-systems-3806785965?refId=aX5rsAyyh4jaIpyl9lNnqg%3D%3D&trackingId=po2n0BkX542HDlsHWv0eGw%3D%3D&position=18&pageNum=1&trk=public_jobs_jserp-result_search-card
Python Developer Trainee (Any Freshers)-,True,['roven 0-1 years'],Razormet Technologies,"Jamnagar, Gujarat, India",https://in.linkedin.com/jobs/view/python-developer-trainee-any-freshers-at-razormet-technologies-3806735540?refId=aX5rsAyyh4jaIpyl9lNnqg%3D%3D&trackingId=QqX6xz8KkOfOpKqFa5mxng%3D%3D&position=19&pageNum=1&trk=public_jobs_jserp-result_search-card
Front End Web Developer,True,[' exp: 0-3 years'],Lintel Technologies Pvt Ltd,"Hyderabad, Telangana, India",https://in.linkedin.com/jobs/view/front-end-web-developer-at-lintel-technologies-pvt-ltd-3800932529?refId=aX5rsAyyh4jaIpyl9lNnqg%3D%3D&trackingId=jIe8Afi5HWFUXZWxRnRACg%3D%3D&position=20&pageNum=1&trk=public_jobs_jserp-result_search-card
Python Developer,False,"[' skills5+ yrs', 'ftware 3+ yrs', 'evices.3+ yrs', 'p, java2+ yrs', 'ng apis3+ yrs']",GITCS India Pvt. Ltd.,"Mumbai, Maharashtra, India",https://in.linkedin.com/jobs/view/python-developer-at-gitcs-india-pvt-ltd-3802275828?refId=aX5rsAyyh4jaIpyl9lNnqg%3D%3D&trackingId=tAMBPP0N%2Fvh6LC09kn1%2FnA%3D%3D&position=21&pageNum=1&trk=public_jobs_jserp-result_search-card
Python Developer,True,[],Megaminds IT Services,"Hyderabad, Telangana, India",https://in.linkedin.com/jobs/view/python-developer-at-megaminds-it-services-3809770043?refId=aX5rsAyyh4jaIpyl9lNnqg%3D%3D&trackingId=JKLPHMbYcW4pTVcB0HqQJg%3D%3D&position=22&pageNum=1&trk=public_jobs_jserp-result_search-card
Python Developer,False,['ements3-5 years'],TechCompose Solutions Pvt. Ltd.,"Ahmedabad, Gujarat, India",https://in.linkedin.com/jobs/view/python-developer-at-techcompose-solutions-pvt-ltd-3798640103?refId=aX5rsAyyh4jaIpyl9lNnqg%3D%3D&trackingId=SvZ0IZHoWKMOj1rnvo7jOg%3D%3D&position=23&pageNum=1&trk=public_jobs_jserp-result_search-card
"python developer, data science, ML, AI, freshers, Django",True,[],AMAR TECHNOLABS PRIVATE LIMITED,"Ahmedabad, Gujarat, India",https://in.linkedin.com/jobs/view/python-developer-data-science-ml-ai-freshers-django-at-amar-technolabs-private-limited-3802856559?refId=aX5rsAyyh4jaIpyl9lNnqg%3D%3D&trackingId=IVs6UN2f0vImDR9O2H5mPg%3D%3D&position=24&pageNum=1&trk=public_jobs_jserp-result_search-card
Python Developer,True,[' a plus2+ years'],Orbus International,"Bengaluru, Karnataka, India",https://in.linkedin.com/jobs/view/python-developer-at-orbus-international-3808736747?refId=aX5rsAyyh4jaIpyl9lNnqg%3D%3D&trackingId=zMv9EkwC2dRxVwWbNxYgQg%3D%3D&position=25&pageNum=1&trk=public_jobs_jserp-result_search-card
Python Developer,True,[],CGI,"Bengaluru, Karnataka, India",https://in.linkedin.com/jobs/view/python-developer-at-cgi-3805500069?refId=utq5z0w4r2B6yqiWG%2BYOuA%3D%3D&trackingId=fuL5dGY2kwdd0YoQS%2FmKbQ%3D%3D&position=1&pageNum=2&trk=public_jobs_jserp-result_search-card
Remote Python Developer,True,[],Turing,India,https://in.linkedin.com/jobs/view/remote-python-developer-at-turing-3808866800?refId=utq5z0w4r2B6yqiWG%2BYOuA%3D%3D&trackingId=O%2F1lqW39nqaxCBG4ypAhSg%3D%3D&position=2&pageNum=2&trk=public_jobs_jserp-result_search-card
Python Developer,False,"['nce of 5+ years', ' with 5-8 years']",Axtria - Ingenious Insights,"Delhi, India",https://in.linkedin.com/jobs/view/python-developer-at-axtria-ingenious-insights-3804053189?refId=utq5z0w4r2B6yqiWG%2BYOuA%3D%3D&trackingId=mJhqTEHZPhaITbRdFdI5hw%3D%3D&position=3&pageNum=2&trk=public_jobs_jserp-result_search-card
Remote Python Programmer,True,[],Turing,India,https://in.linkedin.com/jobs/view/remote-python-programmer-at-turing-3808871154?refId=utq5z0w4r2B6yqiWG%2BYOuA%3D%3D&trackingId=6q%2Fj09kfHVtel7ew3DULoA%3D%3D&position=4&pageNum=2&trk=public_jobs_jserp-result_search-card
Software Developer (Python),True,[],Adobe,"Noida, Uttar Pradesh, India",https://in.linkedin.com/jobs/view/software-developer-python-at-adobe-3805644508?refId=utq5z0w4r2B6yqiWG%2BYOuA%3D%3D&trackingId=wTcVHzRR0v1AGuRJEwmS6g%3D%3D&position=5&pageNum=2&trk=public_jobs_jserp-result_search-card
Remote Python Programmer,True,[],Turing,India,https://in.linkedin.com/jobs/view/remote-python-programmer-at-turing-3808868597?refId=utq5z0w4r2B6yqiWG%2BYOuA%3D%3D&trackingId=Ic2ZYsRajWgSpWBgRN5AXw%3D%3D&position=6&pageNum=2&trk=public_jobs_jserp-result_search-card
Software Engineer - Python,False,['n for 3-5 years'],A.P. Moller - Maersk,"Pune, Maharashtra, India",https://in.linkedin.com/jobs/view/software-engineer-python-at-a-p-moller-maersk-3697083072?refId=utq5z0w4r2B6yqiWG%2BYOuA%3D%3D&trackingId=6LuVQfA%2BryIPkfLUwdOnUg%3D%3D&position=7&pageNum=2&trk=public_jobs_jserp-result_search-card
Python Developer,True,[],Tata Consultancy Services,"Hyderabad, Telangana, India",https://in.linkedin.com/jobs/view/python-developer-at-tata-consultancy-services-3796361548?refId=utq5z0w4r2B6yqiWG%2BYOuA%3D%3D&trackingId=kdlQ5zYhi%2BcUEkUl2mgdZQ%3D%3D&position=8&pageNum=2&trk=public_jobs_jserp-result_search-card
Python Developer Trainee (2023-24 Batch)-,True,['um of 0-1 years'],Technofactorx AI,India,https://in.linkedin.com/jobs/view/python-developer-trainee-2023-24-batch-at-technofactorx-ai-3806727295?refId=utq5z0w4r2B6yqiWG%2BYOuA%3D%3D&trackingId=ybs9BYnwHm%2BZaHYe4hCFWQ%3D%3D&position=9&pageNum=2&trk=public_jobs_jserp-result_search-card
Python Developer,True,[],Infosys,"Bengaluru East, Karnataka, India",https://in.linkedin.com/jobs/view/python-developer-at-infosys-3807297788?refId=utq5z0w4r2B6yqiWG%2BYOuA%3D%3D&trackingId=JQxRRlVnpPZmxpNm5ObsrQ%3D%3D&position=10&pageNum=2&trk=public_jobs_jserp-result_search-card
Python Developer,True,[],Encora Inc.,"Bengaluru, Karnataka, India",https://in.linkedin.com/jobs/view/python-developer-at-encora-inc-3800978895?refId=utq5z0w4r2B6yqiWG%2BYOuA%3D%3D&trackingId=3aVqLdn%2FJZqUQX8TdVptkg%3D%3D&position=11&pageNum=2&trk=public_jobs_jserp-result_search-card
Remote Python Software Developer,True,[],Turing,India,https://in.linkedin.com/jobs/view/remote-python-software-developer-at-turing-3808867563?refId=utq5z0w4r2B6yqiWG%2BYOuA%3D%3D&trackingId=nLQ4JnffpYH1b%2BdYaC7%2BOA%3D%3D&position=12&pageNum=2&trk=public_jobs_jserp-result_search-card
Remote Python Developer,True,[],Turing,India,https://in.linkedin.com/jobs/view/remote-python-developer-at-turing-3808868783?refId=utq5z0w4r2B6yqiWG%2BYOuA%3D%3D&trackingId=qFdv0Sr94n8XmnKUJ3718Q%3D%3D&position=13&pageNum=2&trk=public_jobs_jserp-result_search-card
"Python Software Developer, Remote India",False,"[' have• 5+ years', 'um 4 to 5 years']",Luxoft,India,https://in.linkedin.com/jobs/view/python-software-developer-remote-india-at-luxoft-3802343367?refId=utq5z0w4r2B6yqiWG%2BYOuA%3D%3D&trackingId=8ebKSWeYyKdcp2iPk8ecHA%3D%3D&position=14&pageNum=2&trk=public_jobs_jserp-result_search-card
Python Developer,True,[' exp: 2-5 years'],V Support Solutions,"Chennai, Tamil Nadu, India",https://in.linkedin.com/jobs/view/python-developer-at-v-support-solutions-3800922139?refId=utq5z0w4r2B6yqiWG%2BYOuA%3D%3D&trackingId=KOFzVbL9bSRrobbOUcpTcA%3D%3D&position=15&pageNum=2&trk=public_jobs_jserp-result_search-card
Remote Python Engineer,True,[],Turing,India,https://in.linkedin.com/jobs/view/remote-python-engineer-at-turing-3808873256?refId=utq5z0w4r2B6yqiWG%2BYOuA%3D%3D&trackingId=Z2eocUnkaQblDTxCaF1Aow%3D%3D&position=16&pageNum=2&trk=public_jobs_jserp-result_search-card
Python Developer,True,[],Infogain,"Pune, Maharashtra, India",https://in.linkedin.com/jobs/view/python-developer-at-infogain-3800573794?refId=utq5z0w4r2B6yqiWG%2BYOuA%3D%3D&trackingId=RC%2FZ%2FYy24uT6nNPZUv1qvw%3D%3D&position=17&pageNum=2&trk=public_jobs_jserp-result_search-card
Python Developer,False,['ations:5+ years'],System Soft Technologies,India,https://in.linkedin.com/jobs/view/python-developer-at-system-soft-technologies-3803807291?refId=utq5z0w4r2B6yqiWG%2BYOuA%3D%3D&trackingId=klPli8qSY9d8Qn3KPcuLxQ%3D%3D&position=18&pageNum=2&trk=public_jobs_jserp-result_search-card
Remote Python Software Developer,True,[],Turing,India,https://in.linkedin.com/jobs/view/remote-python-software-developer-at-turing-3808869408?refId=utq5z0w4r2B6yqiWG%2BYOuA%3D%3D&trackingId=fmkNpBxyUkxOj8TNnAqVRA%3D%3D&position=19&pageNum=2&trk=public_jobs_jserp-result_search-card
Remote Python Programmer,True,[],Turing,India,https://in.linkedin.com/jobs/view/remote-python-programmer-at-turing-3808868560?refId=utq5z0w4r2B6yqiWG%2BYOuA%3D%3D&trackingId=bhYOAlP%2FsQtUW6JLTlVR2w%3D%3D&position=20&pageNum=2&trk=public_jobs_jserp-result_search-card
Python Developer,True,"[' exp: 2-5 years', 'ield. 2-5 years']",Xonier Technologies,"Gautam Buddha Nagar, Uttar Pradesh, India",https://in.linkedin.com/jobs/view/python-developer-at-xonier-technologies-3800923257?refId=utq5z0w4r2B6yqiWG%2BYOuA%3D%3D&trackingId=1a2aplV%2FtvWRdfhVlucHzA%3D%3D&position=21&pageNum=2&trk=public_jobs_jserp-result_search-card
Remote Python Software Developer,True,[],Turing,India,https://in.linkedin.com/jobs/view/remote-python-software-developer-at-turing-3808865697?refId=utq5z0w4r2B6yqiWG%2BYOuA%3D%3D&trackingId=AdoqW57cpet4yriZTur83Q%3D%3D&position=22&pageNum=2&trk=public_jobs_jserp-result_search-card
Python Developer,True,[' exp: 2-3 years'],Nliven Technologies Pvt. Ltd.,"Indore, Madhya Pradesh, India",https://in.linkedin.com/jobs/view/python-developer-at-nliven-technologies-pvt-ltd-3800941065?refId=utq5z0w4r2B6yqiWG%2BYOuA%3D%3D&trackingId=E%2B2bigkCh%2Bcp%2ByUiwJ3ogA%3D%3D&position=23&pageNum=2&trk=public_jobs_jserp-result_search-card
Python Developer,False,['ss than 8 years'],Tata Consultancy Services,"Hyderabad, Telangana, India",https://in.linkedin.com/jobs/view/python-developer-at-tata-consultancy-services-3798601357?refId=utq5z0w4r2B6yqiWG%2BYOuA%3D%3D&trackingId=wonNs7e%2BD7hyZqrrW7Q%2Fgg%3D%3D&position=24&pageNum=2&trk=public_jobs_jserp-result_search-card
Python Developer,True,[],Patch Infotech Pvt Ltd,"Bengaluru, Karnataka, India",https://in.linkedin.com/jobs/view/python-developer-at-patch-infotech-pvt-ltd-3800574503?refId=utq5z0w4r2B6yqiWG%2BYOuA%3D%3D&trackingId=CXMW2Be%2BBkHe0rJo3RvtPQ%3D%3D&position=25&pageNum=2&trk=public_jobs_jserp-result_search-card
Python Engineer,False,"['d field5+ years', 'cations5+ years']",Carnation Infotech Pvt Ltd,"Hyderabad, Telangana, India",https://in.linkedin.com/jobs/view/python-engineer-at-carnation-infotech-pvt-ltd-3803181218?refId=QgVowmhcKszZFMf04naLww%3D%3D&trackingId=mRCskKmlH4Vnph84hEX5qQ%3D%3D&position=1&pageNum=3&trk=public_jobs_jserp-result_search-card
Python Developer,True,[],XLSCOUT,"Mohali district, Punjab, India",https://in.linkedin.com/jobs/view/python-developer-at-xlscout-3809360775?refId=QgVowmhcKszZFMf04naLww%3D%3D&trackingId=8MtGan2M4wUnMf9VE7NugA%3D%3D&position=2&pageNum=3&trk=public_jobs_jserp-result_search-card
Python Developer,True,[],Twenty20 Systems,"Bengaluru, Karnataka, India",https://in.linkedin.com/jobs/view/python-developer-at-twenty20-systems-3806785965?refId=QgVowmhcKszZFMf04naLww%3D%3D&trackingId=fd9qTPvzMUvtYi5u8p7cKQ%3D%3D&position=3&pageNum=3&trk=public_jobs_jserp-result_search-card
Python Engineer - Django Framework,False,"['re than 8 years', ' least 8+ years']",Awign,"Hyderabad, Telangana, India",https://in.linkedin.com/jobs/view/python-engineer-django-framework-at-awign-3800598386?refId=QgVowmhcKszZFMf04naLww%3D%3D&trackingId=Frt3kQuz%2Fx24VHrSrORfwA%3D%3D&position=4&pageNum=3&trk=public_jobs_jserp-result_search-card
Front End Web Developer,True,[' exp: 0-3 years'],Lintel Technologies Pvt Ltd,"Hyderabad, Telangana, India",https://in.linkedin.com/jobs/view/front-end-web-developer-at-lintel-technologies-pvt-ltd-3800932529?refId=QgVowmhcKszZFMf04naLww%3D%3D&trackingId=zqCFdM6dfSjkVpcfWl3OJA%3D%3D&position=5&pageNum=3&trk=public_jobs_jserp-result_search-card
Python Developer Trainee (Any Freshers)-,True,['roven 0-1 years'],Razormet Technologies,"Jamnagar, Gujarat, India",https://in.linkedin.com/jobs/view/python-developer-trainee-any-freshers-at-razormet-technologies-3806735540?refId=QgVowmhcKszZFMf04naLww%3D%3D&trackingId=UDLk0H1FXKY79PRdSdFEyg%3D%3D&position=6&pageNum=3&trk=public_jobs_jserp-result_search-card
Python Developer,False,"[' skills5+ yrs', 'ftware 3+ yrs', 'evices.3+ yrs', 'p, java2+ yrs', 'ng apis3+ yrs']",GITCS India Pvt. Ltd.,"Mumbai, Maharashtra, India",https://in.linkedin.com/jobs/view/python-developer-at-gitcs-india-pvt-ltd-3802275828?refId=QgVowmhcKszZFMf04naLww%3D%3D&trackingId=CYS9Qqq0EbABh%2BBhmbvJRw%3D%3D&position=7&pageNum=3&trk=public_jobs_jserp-result_search-card
Python/Django Developer,True,[],iGeek,"Surat, Gujarat, India",https://in.linkedin.com/jobs/view/python-django-developer-at-igeek-3803174428?refId=QgVowmhcKszZFMf04naLww%3D%3D&trackingId=IYImnbZ0%2FqdO6w3GG9ySjQ%3D%3D&position=8&pageNum=3&trk=public_jobs_jserp-result_search-card
"python developer, data science, ML, AI, freshers, Django",True,[],AMAR TECHNOLABS PRIVATE LIMITED,"Ahmedabad, Gujarat, India",https://in.linkedin.com/jobs/view/python-developer-data-science-ml-ai-freshers-django-at-amar-technolabs-private-limited-3802856559?refId=QgVowmhcKszZFMf04naLww%3D%3D&trackingId=6UIergQtiujiTdw6%2BmPR%2BQ%3D%3D&position=9&pageNum=3&trk=public_jobs_jserp-result_search-card
Python Developer,True,[],Megaminds IT Services,"Hyderabad, Telangana, India",https://in.linkedin.com/jobs/view/python-developer-at-megaminds-it-services-3809770043?refId=QgVowmhcKszZFMf04naLww%3D%3D&trackingId=Wa2R581fPBNZf510DysmkQ%3D%3D&position=10&pageNum=3&trk=public_jobs_jserp-result_search-card
Python Developer,False,['ements3-5 years'],TechCompose Solutions Pvt. Ltd.,"Ahmedabad, Gujarat, India",https://in.linkedin.com/jobs/view/python-developer-at-techcompose-solutions-pvt-ltd-3798640103?refId=QgVowmhcKszZFMf04naLww%3D%3D&trackingId=RpShaXDb0JhLMN2o4%2FKixQ%3D%3D&position=11&pageNum=3&trk=public_jobs_jserp-result_search-card
Python Developer,False,['ivalent6+ years'],Oracle,"Bangalore Urban, Karnataka, India",https://in.linkedin.com/jobs/view/python-developer-at-oracle-3809159714?refId=QgVowmhcKszZFMf04naLww%3D%3D&trackingId=nW0KWbcJoO2WIAm61DFDSQ%3D%3D&position=12&pageNum=3&trk=public_jobs_jserp-result_search-card
Full Stack Engineer,True,[],Deutsche Bank,"Pune, Maharashtra, India",https://in.linkedin.com/jobs/view/full-stack-engineer-at-deutsche-bank-3802203072?refId=QgVowmhcKszZFMf04naLww%3D%3D&trackingId=lVkOyScWOckSfYkcjonYxA%3D%3D&position=13&pageNum=3&trk=public_jobs_jserp-result_search-card
Python Developer Trainee (2023-24 Batch)-,True,[],Prevetech Solutions,"Idukki, Kerala, India",https://in.linkedin.com/jobs/view/python-developer-trainee-2023-24-batch-at-prevetech-solutions-3808169660?refId=QgVowmhcKszZFMf04naLww%3D%3D&trackingId=02uQgcxHFQqT88e4f%2BInRg%3D%3D&position=14&pageNum=3&trk=public_jobs_jserp-result_search-card
Python Developer Trainee (2023-24 Batch)-,True,[],Prevetech Solutions,"Latur, Maharashtra, India",https://in.linkedin.com/jobs/view/python-developer-trainee-2023-24-batch-at-prevetech-solutions-3808175034?refId=QgVowmhcKszZFMf04naLww%3D%3D&trackingId=pY0hEtRGreIsJQ5vuuz4%2FA%3D%3D&position=15&pageNum=3&trk=public_jobs_jserp-result_search-card
Full stack python developer,True,[],PyjamaHR NonRecruiter Middleware Test Account,"West Bengal, India",https://in.linkedin.com/jobs/view/full-stack-python-developer-at-pyjamahr-nonrecruiter-middleware-test-account-3803713646?refId=QgVowmhcKszZFMf04naLww%3D%3D&trackingId=0%2BoHfyNBgLjeX32Vex8DLg%3D%3D&position=16&pageNum=3&trk=public_jobs_jserp-result_search-card
HIRE Backend Developer - Chennai,True,[],Angel and Genie,"Chennai, Tamil Nadu, India",https://in.linkedin.com/jobs/view/hire-backend-developer-chennai-at-angel-and-genie-3803850032?refId=QgVowmhcKszZFMf04naLww%3D%3D&trackingId=jq%2Bt1LsaHkhiU38setZp%2FA%3D%3D&position=18&pageNum=3&trk=public_jobs_jserp-result_search-card
Python Developer,True,[],HRM INFO,"Mumbai, Maharashtra, India",https://in.linkedin.com/jobs/view/python-developer-at-hrm-info-3805647710?refId=QgVowmhcKszZFMf04naLww%3D%3D&trackingId=egC7dj34B1%2BlRi%2FvHEiSsA%3D%3D&position=19&pageNum=3&trk=public_jobs_jserp-result_search-card
Web / UI Developer (HTML5 / CSS3 / JavaScript),True,"[' exp: 0-1 years', 've 0 to 2 years']",OptiRisk India,"Chennai, Tamil Nadu, India",https://in.linkedin.com/jobs/view/web-ui-developer-html5-css3-javascript-at-optirisk-india-3800919967?refId=QgVowmhcKszZFMf04naLww%3D%3D&trackingId=iuHCVxMs%2BGGfFkvlUAgkVw%3D%3D&position=20&pageNum=3&trk=public_jobs_jserp-result_search-card
Python Developer Trainee (2023-24 Batch)-,True,[],Prevetech Solutions,"Bhilwara, Rajasthan, India",https://in.linkedin.com/jobs/view/python-developer-trainee-2023-24-batch-at-prevetech-solutions-3808169662?refId=QgVowmhcKszZFMf04naLww%3D%3D&trackingId=u2h23w1Wa6JvJvoN%2BTfmqQ%3D%3D&position=21&pageNum=3&trk=public_jobs_jserp-result_search-card
Python Developer,True,[],VARITE INC,"Bengaluru, Karnataka, India",https://in.linkedin.com/jobs/view/python-developer-at-varite-inc-3798619214?refId=QgVowmhcKszZFMf04naLww%3D%3D&trackingId=AAX1yLS%2BPNVrODMrMBc%2BwA%3D%3D&position=22&pageNum=3&trk=public_jobs_jserp-result_search-card
Web Application Developer,False,"[' past few years', 'ience:3-5 years']",Godrej Group,"Mumbai, Maharashtra, India",https://in.linkedin.com/jobs/view/web-application-developer-at-godrej-group-3802926942?refId=QgVowmhcKszZFMf04naLww%3D%3D&trackingId=SDksJJRhzfluik9PaByx%2Bg%3D%3D&position=23&pageNum=3&trk=public_jobs_jserp-result_search-card
Python Developer Trainee (2023-24 Batch)-,True,[],Prevetech Solutions,"Rajahmundry Rural, Andhra Pradesh, India",https://in.linkedin.com/jobs/view/python-developer-trainee-2023-24-batch-at-prevetech-solutions-3808169661?refId=QgVowmhcKszZFMf04naLww%3D%3D&trackingId=hZVMcjXhbQHQv3yoGFD1tg%3D%3D&position=24&pageNum=3&trk=public_jobs_jserp-result_search-card
Python Developer Trainee (2023-24 Batch)-,True,[],Prevetech Solutions,"Kollam, Kerala, India",https://in.linkedin.com/jobs/view/python-developer-trainee-2023-24-batch-at-prevetech-solutions-3808174303?refId=QgVowmhcKszZFMf04naLww%3D%3D&trackingId=A9mz%2FSY0rSp%2BSW9YuhyZvg%3D%3D&position=25&pageNum=3&trk=public_jobs_jserp-result_search-card
Python Developer Intern (Any Graduate)_,True,[],Elite Met Solutions,"Thrissur, Kerala, India",https://in.linkedin.com/jobs/view/python-developer-intern-any-graduate-at-elite-met-solutions-3810272664?refId=AbEtqmxnHsywbtx4xz584Q%3D%3D&trackingId=hnIDs%2Bb8cDXHsPoOGD117w%3D%3D&position=1&pageNum=4&trk=public_jobs_jserp-result_search-card
Python Developer,False,"[' exp: 3-5 years', '(exp3 - 5 years', ' with 3-5 years', 'ments 3-5 years']",CIGNEX,"Bengaluru, Karnataka, India",https://in.linkedin.com/jobs/view/python-developer-at-cignex-3800941010?refId=AbEtqmxnHsywbtx4xz584Q%3D%3D&trackingId=JjeZiA2uGB98UAFHbegI%2Fw%3D%3D&position=2&pageNum=4&trk=public_jobs_jserp-result_search-card
Python Developer,True,['imum of 2 years'],VenPep Solutions,"Coimbatore, Tamil Nadu, India",https://in.linkedin.com/jobs/view/python-developer-at-venpep-solutions-3809999205?refId=AbEtqmxnHsywbtx4xz584Q%3D%3D&trackingId=6xz9ci0py5DFqqWJ4FwAVA%3D%3D&position=3&pageNum=4&trk=public_jobs_jserp-result_search-card
KreditBee - Data Engineer - Python,True,[],KreditBee,"Bengaluru, Karnataka, India",https://in.linkedin.com/jobs/view/kreditbee-data-engineer-python-at-kreditbee-3803693156?refId=AbEtqmxnHsywbtx4xz584Q%3D%3D&trackingId=nMIdC%2BYpWM6uS40eqkgPqg%3D%3D&position=4&pageNum=4&trk=public_jobs_jserp-result_search-card
Kognosdata - Python Backend Developer - Django/Flask,True,['e of 1 -3 years'],Kognosdata,"Bengaluru East, Karnataka, India",https://in.linkedin.com/jobs/view/kognosdata-python-backend-developer-django-flask-at-kognosdata-3798652892?refId=AbEtqmxnHsywbtx4xz584Q%3D%3D&trackingId=zIp4QACxXnrs9SZsBfibgA%3D%3D&position=5&pageNum=4&trk=public_jobs_jserp-result_search-card
Python Developer,True,[' exp: 0-2 years'],RAYVAT Outsourcing,"Gandhinagar, Gujarat, India",https://in.linkedin.com/jobs/view/python-developer-at-rayvat-outsourcing-3800927396?refId=AbEtqmxnHsywbtx4xz584Q%3D%3D&trackingId=guCsT7VlKDkvnfb8xId8Gg%3D%3D&position=6&pageNum=4&trk=public_jobs_jserp-result_search-card
Web Developer,True,[' exp: 0-3 years'],Siri Innovations,"Hyderabad, Telangana, India",https://in.linkedin.com/jobs/view/web-developer-at-siri-innovations-3800922886?refId=AbEtqmxnHsywbtx4xz584Q%3D%3D&trackingId=GEi6lGYRR5a3E48%2BYnNGVA%3D%3D&position=7&pageNum=4&trk=public_jobs_jserp-result_search-card
Full stack junior developer,True,['ld.2 to 4 years'],Sony India,"Bengaluru, Karnataka, India",https://in.linkedin.com/jobs/view/full-stack-junior-developer-at-sony-india-3810331705?refId=AbEtqmxnHsywbtx4xz584Q%3D%3D&trackingId=rjjvvoEaCJzlx%2FwJ%2BPVv2w%3D%3D&position=8&pageNum=4&trk=public_jobs_jserp-result_search-card
Web Developer,True,[' exp: 0-3 years'],Sumago Infotech Pvt. Ltd.,"Nashik, Maharashtra, India",https://in.linkedin.com/jobs/view/web-developer-at-sumago-infotech-pvt-ltd-3800928532?refId=AbEtqmxnHsywbtx4xz584Q%3D%3D&trackingId=gSGN4oeewyZPpXGouJLLqw%3D%3D&position=9&pageNum=4&trk=public_jobs_jserp-result_search-card
ODOO / PYTHON DEVELOPER,True,[' exp: 1-3 years'],AMT Media Tech,"Chennai, Tamil Nadu, India",https://in.linkedin.com/jobs/view/odoo-python-developer-at-amt-media-tech-3800921589?refId=AbEtqmxnHsywbtx4xz584Q%3D%3D&trackingId=2gz0Jew435HVrOZuCmQ3FA%3D%3D&position=10&pageNum=4&trk=public_jobs_jserp-result_search-card
Software Developer,True,"[' exp: 1-3 years', 'ments 1-3 years']",Vtiger CRM,"Bengaluru, Karnataka, India",https://in.linkedin.com/jobs/view/software-developer-at-vtiger-crm-3800920588?refId=AbEtqmxnHsywbtx4xz584Q%3D%3D&trackingId=KAjzon36gZFVtzREyHOV1A%3D%3D&position=11&pageNum=4&trk=public_jobs_jserp-result_search-card
Full Stack Developer,True,[' exp: 2-5 years'],Hashtag Labs,"Kakori, Uttar Pradesh, India",https://in.linkedin.com/jobs/view/full-stack-developer-at-hashtag-labs-3800927554?refId=AbEtqmxnHsywbtx4xz584Q%3D%3D&trackingId=fptqyyyCMlSabnsK4i7GJw%3D%3D&position=12&pageNum=4&trk=public_jobs_jserp-result_search-card
Fullstack Engineer,False,['imum of 4 years'],Fusemachines,"Pune, Maharashtra, India",https://in.linkedin.com/jobs/view/fullstack-engineer-at-fusemachines-3804287667?refId=AbEtqmxnHsywbtx4xz584Q%3D%3D&trackingId=zLAHVpnYPa6Wc%2BIjFX2%2F1g%3D%3D&position=13&pageNum=4&trk=public_jobs_jserp-result_search-card
Python Backend Developer,False,['equires4+ years'],ZG STAFFING SOLUTIONS,"Bengaluru, Karnataka, India",https://in.linkedin.com/jobs/view/python-backend-developer-at-zg-staffing-solutions-3808857640?refId=AbEtqmxnHsywbtx4xz584Q%3D%3D&trackingId=as6b5e3eAFXTqBdWneiUww%3D%3D&position=14&pageNum=4&trk=public_jobs_jserp-result_search-card
Python Developer,False,['lities:5+ years'],Federal Soft Systems Inc.,"Bengaluru, Karnataka, India",https://in.linkedin.com/jobs/view/python-developer-at-federal-soft-systems-inc-3809812348?refId=AbEtqmxnHsywbtx4xz584Q%3D%3D&trackingId=M9QzlADEgHyysYkVT1GikA%3D%3D&position=15&pageNum=4&trk=public_jobs_jserp-result_search-card
Full Stack Python Developer/Programmer/Engineer,True,[' exp: 0-3 years'],Cotocus,"Bengaluru, Karnataka, India",https://in.linkedin.com/jobs/view/full-stack-python-developer-programmer-engineer-at-cotocus-3800924065?refId=AbEtqmxnHsywbtx4xz584Q%3D%3D&trackingId=ZshGdk7UxBWLUOpBl0L89w%3D%3D&position=16&pageNum=4&trk=public_jobs_jserp-result_search-card
Backend developer,True,[' exp: 0-3 years'],HyreFox Consultants,"Jaipur, Rajasthan, India",https://in.linkedin.com/jobs/view/backend-developer-at-hyrefox-consultants-3800926351?refId=AbEtqmxnHsywbtx4xz584Q%3D%3D&trackingId=pcvKASRq3AICfqH9WEbCFA%3D%3D&position=17&pageNum=4&trk=public_jobs_jserp-result_search-card
Python Developer,False,"['h over 14 years', 'h 7 to 10 years', 'ld7 to 10 years']",Space Multimedia,"Hyderabad, Telangana, India",https://in.linkedin.com/jobs/view/python-developer-at-space-multimedia-3809889147?refId=AbEtqmxnHsywbtx4xz584Q%3D%3D&trackingId=p4xG6A9YSvMmCldfvV1pSw%3D%3D&position=18&pageNum=4&trk=public_jobs_jserp-result_search-card
Python/Java Developer,True,"['ight from years', 'minimum 2 years']",byteloom.io,"Mohali district, Punjab, India",https://in.linkedin.com/jobs/view/python-java-developer-at-byteloom-io-3788950850?refId=AbEtqmxnHsywbtx4xz584Q%3D%3D&trackingId=Ye%2FqNEh1qFEv5X6XD6KG1w%3D%3D&position=19&pageNum=4&trk=public_jobs_jserp-result_search-card
Python Developer,True,[],StaffRex Info Solutions,"Bengaluru, Karnataka, India",https://in.linkedin.com/jobs/view/python-developer-at-staffrex-info-solutions-3806727682?refId=AbEtqmxnHsywbtx4xz584Q%3D%3D&trackingId=zYqmQqJ9uvCelxqJranQhA%3D%3D&position=21&pageNum=4&trk=public_jobs_jserp-result_search-card
Python Developer,False,['l: 4 to 6 years'],Angel Recruitment,"Mumbai, Maharashtra, India",https://in.linkedin.com/jobs/view/python-developer-at-angel-recruitment-3800259533?refId=AbEtqmxnHsywbtx4xz584Q%3D%3D&trackingId=51VJCTUxPnUs60mvWNNM%2FQ%3D%3D&position=22&pageNum=4&trk=public_jobs_jserp-result_search-card
Python Developer,True,[],Marktine Technology Solutions Pvt Ltd,"Bengaluru, Karnataka, India",https://in.linkedin.com/jobs/view/python-developer-at-marktine-technology-solutions-pvt-ltd-3808730454?refId=AbEtqmxnHsywbtx4xz584Q%3D%3D&trackingId=47f%2B9M4OgswNR0l8PW9WAg%3D%3D&position=23&pageNum=4&trk=public_jobs_jserp-result_search-card
Python Developer,True,[],Fusion Plus Solutions Inc,"Hyderabad, Telangana, India",https://in.linkedin.com/jobs/view/python-developer-at-fusion-plus-solutions-inc-3800559347?refId=AbEtqmxnHsywbtx4xz584Q%3D%3D&trackingId=nEkNTCGKVzZ3LmFsiFg6eQ%3D%3D&position=24&pageNum=4&trk=public_jobs_jserp-result_search-card
Remote Python Programmer,True,[],Turing,India,https://in.linkedin.com/jobs/view/remote-python-programmer-at-turing-3808869396?refId=AbEtqmxnHsywbtx4xz584Q%3D%3D&trackingId=G5MI7AxMCgs8bCILk6f7Rg%3D%3D&position=25&pageNum=4&trk=public_jobs_jserp-result_search-card
Python Engineer - Django Framework,False,"['re than 8 years', ' least 8+ years']",Awign,"Hyderabad, Telangana, India",https://in.linkedin.com/jobs/view/python-engineer-django-framework-at-awign-3800598386?refId=%2FmlPgu57VEw8H2wEtzbXKg%3D%3D&trackingId=Y02vHR4jNNLxsWe6N1kVHw%3D%3D&position=1&pageNum=5&trk=public_jobs_jserp-result_search-card
Python Developer,True,[],Twenty20 Systems,"Bengaluru, Karnataka, India",https://in.linkedin.com/jobs/view/python-developer-at-twenty20-systems-3806785965?refId=%2FmlPgu57VEw8H2wEtzbXKg%3D%3D&trackingId=iUMS6l3UpMbqj6f%2BNDtkZA%3D%3D&position=2&pageNum=5&trk=public_jobs_jserp-result_search-card
Remote Python Software Engineer,True,[],Turing,India,https://in.linkedin.com/jobs/view/remote-python-software-engineer-at-turing-3808870156?refId=%2FmlPgu57VEw8H2wEtzbXKg%3D%3D&trackingId=90rmccfe73IDZs5P2DRxwA%3D%3D&position=3&pageNum=5&trk=public_jobs_jserp-result_search-card
Python Developer Trainee (Any Freshers)-,True,['roven 0-1 years'],Razormet Technologies,"Jamnagar, Gujarat, India",https://in.linkedin.com/jobs/view/python-developer-trainee-any-freshers-at-razormet-technologies-3806735540?refId=%2FmlPgu57VEw8H2wEtzbXKg%3D%3D&trackingId=%2FSZDMopPppjO0wm2C3CSaQ%3D%3D&position=4&pageNum=5&trk=public_jobs_jserp-result_search-card
Front End Web Developer,True,[' exp: 0-3 years'],Lintel Technologies Pvt Ltd,"Hyderabad, Telangana, India",https://in.linkedin.com/jobs/view/front-end-web-developer-at-lintel-technologies-pvt-ltd-3800932529?refId=%2FmlPgu57VEw8H2wEtzbXKg%3D%3D&trackingId=V2%2BoAb9tmNDhPTJQT3h7nw%3D%3D&position=5&pageNum=5&trk=public_jobs_jserp-result_search-card
Remote Python Software Engineer,True,[],Turing,India,https://in.linkedin.com/jobs/view/remote-python-software-engineer-at-turing-3808865876?refId=%2FmlPgu57VEw8H2wEtzbXKg%3D%3D&trackingId=VjM9PGR7jmF2nFR9tK66dA%3D%3D&position=6&pageNum=5&trk=public_jobs_jserp-result_search-card
Python Developer,False,"[' skills5+ yrs', 'ftware 3+ yrs', 'evices.3+ yrs', 'p, java2+ yrs', 'ng apis3+ yrs']",GITCS India Pvt. Ltd.,"Mumbai, Maharashtra, India",https://in.linkedin.com/jobs/view/python-developer-at-gitcs-india-pvt-ltd-3802275828?refId=%2FmlPgu57VEw8H2wEtzbXKg%3D%3D&trackingId=L1%2BhQ%2FGmIlLGXldwejpYUQ%3D%3D&position=7&pageNum=5&trk=public_jobs_jserp-result_search-card
Python Developer,False,['ements3-5 years'],TechCompose Solutions Pvt. Ltd.,"Ahmedabad, Gujarat, India",https://in.linkedin.com/jobs/view/python-developer-at-techcompose-solutions-pvt-ltd-3798640103?refId=%2FmlPgu57VEw8H2wEtzbXKg%3D%3D&trackingId=DGOZ%2FH%2FRjWGle5D8rJDqzA%3D%3D&position=8&pageNum=5&trk=public_jobs_jserp-result_search-card
"python developer, data science, ML, AI, freshers, Django",True,[],AMAR TECHNOLABS PRIVATE LIMITED,"Ahmedabad, Gujarat, India",https://in.linkedin.com/jobs/view/python-developer-data-science-ml-ai-freshers-django-at-amar-technolabs-private-limited-3802856559?refId=%2FmlPgu57VEw8H2wEtzbXKg%3D%3D&trackingId=GpZrodoDDebCNYdS2yIswg%3D%3D&position=9&pageNum=5&trk=public_jobs_jserp-result_search-card
Python Developer,True,[],Krishna Global Services Pvt. Ltd.,"Gurugram, Haryana, India",https://in.linkedin.com/jobs/view/python-developer-at-krishna-global-services-pvt-ltd-3808860183?refId=%2FmlPgu57VEw8H2wEtzbXKg%3D%3D&trackingId=fPIdCLpnd0Q3UENM5Y1IOg%3D%3D&position=10&pageNum=5&trk=public_jobs_jserp-result_search-card
Remote Python Software Engineer,True,[],Turing,India,https://in.linkedin.com/jobs/view/remote-python-software-engineer-at-turing-3808872068?refId=%2FmlPgu57VEw8H2wEtzbXKg%3D%3D&trackingId=wJDQwZHBtx6ZkpDYDnj3Hg%3D%3D&position=11&pageNum=5&trk=public_jobs_jserp-result_search-card
Remote Python Engineer,True,[],Turing,India,https://in.linkedin.com/jobs/view/remote-python-engineer-at-turing-3808870626?refId=%2FmlPgu57VEw8H2wEtzbXKg%3D%3D&trackingId=K9%2Fj1OY3AVXYHh5mkuAfog%3D%3D&position=12&pageNum=5&trk=public_jobs_jserp-result_search-card
Python Developer,True,[],HCLTech,"Chennai, Tamil Nadu, India",https://in.linkedin.com/jobs/view/python-developer-at-hcltech-3808130020?refId=%2FmlPgu57VEw8H2wEtzbXKg%3D%3D&trackingId=JKaY94YCXU%2B0N7K6A8DI2w%3D%3D&position=13&pageNum=5&trk=public_jobs_jserp-result_search-card
Remote Python Software Developer,True,[],Turing,India,https://in.linkedin.com/jobs/view/remote-python-software-developer-at-turing-3808866568?refId=%2FmlPgu57VEw8H2wEtzbXKg%3D%3D&trackingId=d2FH5P6itQLUbsorTTdDCQ%3D%3D&position=14&pageNum=5&trk=public_jobs_jserp-result_search-card
Remote Python Engineer,True,[],Turing,India,https://in.linkedin.com/jobs/view/remote-python-engineer-at-turing-3808869730?refId=%2FmlPgu57VEw8H2wEtzbXKg%3D%3D&trackingId=euVmWUsw4a%2BiEmrrbPhChw%3D%3D&position=15&pageNum=5&trk=public_jobs_jserp-result_search-card
Full Stack Engineer,True,[],Deutsche Bank,"Pune, Maharashtra, India",https://in.linkedin.com/jobs/view/full-stack-engineer-at-deutsche-bank-3802203072?refId=%2FmlPgu57VEw8H2wEtzbXKg%3D%3D&trackingId=v1p1Lb49YFwuY8qM%2B%2F1VEw%3D%3D&position=16&pageNum=5&trk=public_jobs_jserp-result_search-card
Python Developer,True,[],Nouveau Labs,"Bengaluru, Karnataka, India",https://in.linkedin.com/jobs/view/python-developer-at-nouveau-labs-3804532827?refId=%2FmlPgu57VEw8H2wEtzbXKg%3D%3D&trackingId=244%2BBSM5o59DuzDxzv5gYA%3D%3D&position=17&pageNum=5&trk=public_jobs_jserp-result_search-card
Python Developer,True,[' a plus2+ years'],Orbus International,"Bengaluru, Karnataka, India",https://in.linkedin.com/jobs/view/python-developer-at-orbus-international-3808736747?refId=%2FmlPgu57VEw8H2wEtzbXKg%3D%3D&trackingId=0bRg3o6tYykv%2FtvgwJyBTw%3D%3D&position=18&pageNum=5&trk=public_jobs_jserp-result_search-card
Remote Python Software Engineer,True,[],Turing,India,https://in.linkedin.com/jobs/view/remote-python-software-engineer-at-turing-3808868449?refId=%2FmlPgu57VEw8H2wEtzbXKg%3D%3D&trackingId=HpfUNCnm%2FTe9uuTjd3zYDA%3D%3D&position=19&pageNum=5&trk=public_jobs_jserp-result_search-card
Full stack python developer,True,[],PyjamaHR NonRecruiter Middleware Test Account,"West Bengal, India",https://in.linkedin.com/jobs/view/full-stack-python-developer-at-pyjamahr-nonrecruiter-middleware-test-account-3803713646?refId=%2FmlPgu57VEw8H2wEtzbXKg%3D%3D&trackingId=QdA3hYyca%2Fpl882AhRugiQ%3D%3D&position=20&pageNum=5&trk=public_jobs_jserp-result_search-card
Python Developer Trainee (2023-24 Batch)-,True,[],Prevetech Solutions,"Latur, Maharashtra, India",https://in.linkedin.com/jobs/view/python-developer-trainee-2023-24-batch-at-prevetech-solutions-3808175034?refId=%2FmlPgu57VEw8H2wEtzbXKg%3D%3D&trackingId=TU9Ee1w1y%2FyAUMluY71v%2BA%3D%3D&position=21&pageNum=5&trk=public_jobs_jserp-result_search-card
HIRE Backend Developer - Chennai,True,[],Angel and Genie,"Chennai, Tamil Nadu, India",https://in.linkedin.com/jobs/view/hire-backend-developer-chennai-at-angel-and-genie-3803850032?refId=%2FmlPgu57VEw8H2wEtzbXKg%3D%3D&trackingId=I17FpF3L1IhpvzSPTmK7WQ%3D%3D&position=23&pageNum=5&trk=public_jobs_jserp-result_search-card
Web / UI Developer (HTML5 / CSS3 / JavaScript),True,"[' exp: 0-1 years', 've 0 to 2 years']",OptiRisk India,"Chennai, Tamil Nadu, India",https://in.linkedin.com/jobs/view/web-ui-developer-html5-css3-javascript-at-optirisk-india-3800919967?refId=%2FmlPgu57VEw8H2wEtzbXKg%3D%3D&trackingId=xkWPAC0xw7sNmAIyKmh63A%3D%3D&position=24&pageNum=5&trk=public_jobs_jserp-result_search-card
Junior Python Developer,True,['ask.2) 2+ years'],PloPdo,"Noida, Uttar Pradesh, India",https://in.linkedin.com/jobs/view/junior-python-developer-at-plopdo-3810028584?refId=%2FmlPgu57VEw8H2wEtzbXKg%3D%3D&trackingId=RqbJribrFK7%2BpcVgbm94DQ%3D%3D&position=25&pageNum=5&trk=public_jobs_jserp-result_search-card
Python Developer Trainee (2023-24 Batch)-,True,[],Prevetech Solutions,"Bhilwara, Rajasthan, India",https://in.linkedin.com/jobs/view/python-developer-trainee-2023-24-batch-at-prevetech-solutions-3808169662?refId=OBCBFKV2bH31nZBA6HCV5Q%3D%3D&trackingId=aJZ2d2CHnZBoPRx7r6MNpw%3D%3D&position=1&pageNum=6&trk=public_jobs_jserp-result_search-card
Python Developer Intern (Any Graduate)_,True,[],Elite Met Solutions,"Kollam, Kerala, India",https://in.linkedin.com/jobs/view/python-developer-intern-any-graduate-at-elite-met-solutions-3810277220?refId=OBCBFKV2bH31nZBA6HCV5Q%3D%3D&trackingId=7vK2O0d%2BqhSoKekYWYsNvQ%3D%3D&position=2&pageNum=6&trk=public_jobs_jserp-result_search-card
Python Developer,False,"[' exp: 5-8 years', 'minimum 5 years']",innOvator web solutions pvt. ltd.,"Mumbai, Maharashtra, India",https://in.linkedin.com/jobs/view/python-developer-at-innovator-web-solutions-pvt-ltd-3800919887?refId=OBCBFKV2bH31nZBA6HCV5Q%3D%3D&trackingId=KXBFqL%2FUUVi6o30WqKGeCw%3D%3D&position=3&pageNum=6&trk=public_jobs_jserp-result_search-card
Python Developer Intern (Any Graduate)_,True,[],Elite Met Solutions,"Kochi, Kerala, India",https://in.linkedin.com/jobs/view/python-developer-intern-any-graduate-at-elite-met-solutions-3810272665?refId=OBCBFKV2bH31nZBA6HCV5Q%3D%3D&trackingId=1fxw2Wm52j3SIcxy0gxrWA%3D%3D&position=4&pageNum=6&trk=public_jobs_jserp-result_search-card
Python Developer,False,"[' exp: 3-5 years', '(exp3 - 5 years', ' with 3-5 years', 'ments 3-5 years']",CIGNEX,"Bengaluru, Karnataka, India",https://in.linkedin.com/jobs/view/python-developer-at-cignex-3800941010?refId=OBCBFKV2bH31nZBA6HCV5Q%3D%3D&trackingId=e%2FACpgmvZIWnFzbeQtpZ4A%3D%3D&position=5&pageNum=6&trk=public_jobs_jserp-result_search-card
Python Developer Intern (Any Graduate)_,True,[],Elite Met Solutions,"Thrissur, Kerala, India",https://in.linkedin.com/jobs/view/python-developer-intern-any-graduate-at-elite-met-solutions-3810272664?refId=OBCBFKV2bH31nZBA6HCV5Q%3D%3D&trackingId=4LhjRLgInhusoVgqqdlA%2FQ%3D%3D&position=6&pageNum=6&trk=public_jobs_jserp-result_search-card
Kognosdata - Python Backend Developer - Django/Flask,True,['e of 1 -3 years'],Kognosdata,"Bengaluru East, Karnataka, India",https://in.linkedin.com/jobs/view/kognosdata-python-backend-developer-django-flask-at-kognosdata-3798652892?refId=OBCBFKV2bH31nZBA6HCV5Q%3D%3D&trackingId=KuBkQGEI12H2gDy%2FkpNwZA%3D%3D&position=7&pageNum=6&trk=public_jobs_jserp-result_search-card
Python Developer,True,[' exp: 0-2 years'],RAYVAT Outsourcing,"Gandhinagar, Gujarat, India",https://in.linkedin.com/jobs/view/python-developer-at-rayvat-outsourcing-3800927396?refId=OBCBFKV2bH31nZBA6HCV5Q%3D%3D&trackingId=GIIkgKSKVyfkWuZehWq66A%3D%3D&position=8&pageNum=6&trk=public_jobs_jserp-result_search-card
Python Developer with (Electronics Hardware exp),False,[' least 7+ years'],LTIMindtree,Greater Bengaluru Area,https://in.linkedin.com/jobs/view/python-developer-with-electronics-hardware-exp-at-ltimindtree-3802738687?refId=OBCBFKV2bH31nZBA6HCV5Q%3D%3D&trackingId=wMjXJdsbE5Od4jI8Kgzh3g%3D%3D&position=9&pageNum=6&trk=public_jobs_jserp-result_search-card
KreditBee - Data Engineer - Python,True,[],KreditBee,"Bengaluru, Karnataka, India",https://in.linkedin.com/jobs/view/kreditbee-data-engineer-python-at-kreditbee-3803693156?refId=OBCBFKV2bH31nZBA6HCV5Q%3D%3D&trackingId=GRPJS70K6nvSObF%2FO9HKJw%3D%3D&position=10&pageNum=6&trk=public_jobs_jserp-result_search-card
Web Developer,True,[' exp: 0-3 years'],Siri Innovations,"Hyderabad, Telangana, India",https://in.linkedin.com/jobs/view/web-developer-at-siri-innovations-3800922886?refId=OBCBFKV2bH31nZBA6HCV5Q%3D%3D&trackingId=F2k1EP5LUaOp24CH9FYwiQ%3D%3D&position=11&pageNum=6&trk=public_jobs_jserp-result_search-card
Python Developer,True,['an 1 year years'],Hedgeloop,"Hyderabad, Telangana, India",https://in.linkedin.com/jobs/view/python-developer-at-hedgeloop-3809432565?refId=OBCBFKV2bH31nZBA6HCV5Q%3D%3D&trackingId=%2BRjJtU3Uyzut%2Fu6R50VIBA%3D%3D&position=12&pageNum=6&trk=public_jobs_jserp-result_search-card
Web Developer,True,[' exp: 0-3 years'],Sumago Infotech Pvt. Ltd.,"Nashik, Maharashtra, India",https://in.linkedin.com/jobs/view/web-developer-at-sumago-infotech-pvt-ltd-3800928532?refId=OBCBFKV2bH31nZBA6HCV5Q%3D%3D&trackingId=cLXioQWGUQ8%2FG17wov12lg%3D%3D&position=13&pageNum=6&trk=public_jobs_jserp-result_search-card
ODOO / PYTHON DEVELOPER,True,[' exp: 1-3 years'],AMT Media Tech,"Chennai, Tamil Nadu, India",https://in.linkedin.com/jobs/view/odoo-python-developer-at-amt-media-tech-3800921589?refId=OBCBFKV2bH31nZBA6HCV5Q%3D%3D&trackingId=%2FZ29nsjDPh3DteocfqVgoQ%3D%3D&position=14&pageNum=6&trk=public_jobs_jserp-result_search-card
Full Stack Developer,True,[' exp: 2-5 years'],Hashtag Labs,"Kakori, Uttar Pradesh, India",https://in.linkedin.com/jobs/view/full-stack-developer-at-hashtag-labs-3800927554?refId=OBCBFKV2bH31nZBA6HCV5Q%3D%3D&trackingId=Nr3VyU8jkPVhlxjo80D%2BKQ%3D%3D&position=15&pageNum=6&trk=public_jobs_jserp-result_search-card
Fullstack Engineer,False,['imum of 4 years'],Fusemachines,"Pune, Maharashtra, India",https://in.linkedin.com/jobs/view/fullstack-engineer-at-fusemachines-3804287667?refId=OBCBFKV2bH31nZBA6HCV5Q%3D%3D&trackingId=hnp9lso4ATG2D7msg2zd4A%3D%3D&position=16&pageNum=6&trk=public_jobs_jserp-result_search-card
Python (Programming Language)-Application Developer,True,[],Accenture in India,"Chennai, Tamil Nadu, India",https://in.linkedin.com/jobs/view/python-programming-language-application-developer-at-accenture-in-india-3804765722?refId=OBCBFKV2bH31nZBA6HCV5Q%3D%3D&trackingId=VzYaNouhI%2FvZXK7dlO5a2w%3D%3D&position=17&pageNum=6&trk=public_jobs_jserp-result_search-card
Full stack junior developer,True,['ld.2 to 4 years'],Sony India,"Bengaluru, Karnataka, India",https://in.linkedin.com/jobs/view/full-stack-junior-developer-at-sony-india-3810331705?refId=OBCBFKV2bH31nZBA6HCV5Q%3D%3D&trackingId=63xTWurPSQgr5QcYvgm3zg%3D%3D&position=18&pageNum=6&trk=public_jobs_jserp-result_search-card
Full Stack Python Developer/Programmer/Engineer,True,[' exp: 0-3 years'],Cotocus,"Bengaluru, Karnataka, India",https://in.linkedin.com/jobs/view/full-stack-python-developer-programmer-engineer-at-cotocus-3800924065?refId=OBCBFKV2bH31nZBA6HCV5Q%3D%3D&trackingId=RE4w18miuS%2F3yzOg2OwsiQ%3D%3D&position=19&pageNum=6&trk=public_jobs_jserp-result_search-card
Software Developer,True,"[' exp: 1-3 years', 'ments 1-3 years']",Vtiger CRM,"Bengaluru, Karnataka, India",https://in.linkedin.com/jobs/view/software-developer-at-vtiger-crm-3800920588?refId=OBCBFKV2bH31nZBA6HCV5Q%3D%3D&trackingId=q7FrI0gIPhiZKvwRN%2FZOMQ%3D%3D&position=20&pageNum=6&trk=public_jobs_jserp-result_search-card
Backend developer,True,[' exp: 0-3 years'],HyreFox Consultants,"Jaipur, Rajasthan, India",https://in.linkedin.com/jobs/view/backend-developer-at-hyrefox-consultants-3800926351?refId=OBCBFKV2bH31nZBA6HCV5Q%3D%3D&trackingId=bCjrcwcVhc2AD2u8J%2BNbFw%3D%3D&position=21&pageNum=6&trk=public_jobs_jserp-result_search-card
Python Developer Intern (Any Graduate)_,True,[],Elite Met Solutions,"Bilaspur, Uttar Pradesh, India",https://in.linkedin.com/jobs/view/python-developer-intern-any-graduate-at-elite-met-solutions-3810275303?refId=OBCBFKV2bH31nZBA6HCV5Q%3D%3D&trackingId=fwAaaxbLqjuCsJpNN9sK%2BA%3D%3D&position=22&pageNum=6&trk=public_jobs_jserp-result_search-card
Python Developer,True,[],Megaminds IT Services,"Hyderabad, Telangana, India",https://in.linkedin.com/jobs/view/python-developer-at-megaminds-it-services-3809770043?refId=OBCBFKV2bH31nZBA6HCV5Q%3D%3D&trackingId=uRUBi3VMcYb2EKWWlNq%2BJg%3D%3D&position=23&pageNum=6&trk=public_jobs_jserp-result_search-card
Remote Python Software Engineer,True,[],Turing,India,https://in.linkedin.com/jobs/view/remote-python-software-engineer-at-turing-3808871097?refId=OBCBFKV2bH31nZBA6HCV5Q%3D%3D&trackingId=gX9juJFLeXguPL8MAiCTfg%3D%3D&position=24&pageNum=6&trk=public_jobs_jserp-result_search-card
Python Developer,True,[],Marktine Technology Solutions Pvt Ltd,"Bengaluru, Karnataka, India",https://in.linkedin.com/jobs/view/python-developer-at-marktine-technology-solutions-pvt-ltd-3808730454?refId=OBCBFKV2bH31nZBA6HCV5Q%3D%3D&trackingId=o1MAoFlse3ZYJw%2BI0s9KRg%3D%3D&position=25&pageNum=6&trk=public_jobs_jserp-result_search-card
Python Developer | 2024CBIN01001/19179,False,[' least 3+ years'],MINDVERSE CONSULTING SERVICES,"Bengaluru, Karnataka, India",https://in.linkedin.com/jobs/view/python-developer-2024cbin01001-19179-at-mindverse-consulting-services-3810915957?refId=1SVV6BCuyhqO2wYty4irjg%3D%3D&trackingId=tBtmF%2BI5Drs3FNxukfFkdw%3D%3D&position=1&pageNum=7&trk=public_jobs_jserp-result_search-card
Python developer,False,"['tions:-5+ years', 'er with 5 years']",NR Consulting,"Bengaluru, Karnataka, India",https://in.linkedin.com/jobs/view/python-developer-at-nr-consulting-3806955440?refId=1SVV6BCuyhqO2wYty4irjg%3D%3D&trackingId=LwVSVbprDkbyYSx5bnJ3HQ%3D%3D&position=2&pageNum=7&trk=public_jobs_jserp-result_search-card
Full Stack Developer,True,[],Airveda,"Gurugram, Haryana, India",https://in.linkedin.com/jobs/view/full-stack-developer-at-airveda-3802253304?refId=1SVV6BCuyhqO2wYty4irjg%3D%3D&trackingId=YlALoeijkGHtdLcDvUK4Cg%3D%3D&position=3&pageNum=7&trk=public_jobs_jserp-result_search-card
Python developer,False,['ption:-5+ years'],NR Consulting,"Bengaluru, Karnataka, India",https://in.linkedin.com/jobs/view/python-developer-at-nr-consulting-3806958073?refId=1SVV6BCuyhqO2wYty4irjg%3D%3D&trackingId=Lj%2FVtKOrlbdDhlLZAvrnSA%3D%3D&position=4&pageNum=7&trk=public_jobs_jserp-result_search-card
Remote Python Developer,True,[],Turing,India,https://in.linkedin.com/jobs/view/remote-python-developer-at-turing-3808866809?refId=1SVV6BCuyhqO2wYty4irjg%3D%3D&trackingId=SuvprbPyhHFeopnL%2BGQBwA%3D%3D&position=5&pageNum=7&trk=public_jobs_jserp-result_search-card
Jusdial - Backend Developer - MySQL/MongoDB,True,[],Justdial,"Bengaluru, Karnataka, India",https://in.linkedin.com/jobs/view/jusdial-backend-developer-mysql-mongodb-at-justdial-3798659337?refId=1SVV6BCuyhqO2wYty4irjg%3D%3D&trackingId=xkto%2FbOLI2fwuIpgSqOSng%3D%3D&position=6&pageNum=7&trk=public_jobs_jserp-result_search-card
Python Django Developer,True,[' exp: 2-6 years'],GI Consulting,"Ernakulam, Kerala, India",https://in.linkedin.com/jobs/view/python-django-developer-at-gi-consulting-3800929856?refId=1SVV6BCuyhqO2wYty4irjg%3D%3D&trackingId=W9wPcjc81RzOcEzOt1CVlg%3D%3D&position=7&pageNum=7&trk=public_jobs_jserp-result_search-card
HIRE Backend Developer - Hyderabad,True,[],Angel and Genie,"Hyderabad, Telangana, India",https://in.linkedin.com/jobs/view/hire-backend-developer-hyderabad-at-angel-and-genie-3803848022?refId=1SVV6BCuyhqO2wYty4irjg%3D%3D&trackingId=f%2BMmjMV3PA4KlpEmvUTiKA%3D%3D&position=8&pageNum=7&trk=public_jobs_jserp-result_search-card
Remote Python Programmer,True,[],Turing,India,https://in.linkedin.com/jobs/view/remote-python-programmer-at-turing-3808871217?refId=1SVV6BCuyhqO2wYty4irjg%3D%3D&trackingId=U1VzJC361WC7u%2BXuu93%2FNw%3D%3D&position=9&pageNum=7&trk=public_jobs_jserp-result_search-card
Back End Developer,True,['ments:2-4 yrs'],fitpage,"Mumbai, Maharashtra, India",https://in.linkedin.com/jobs/view/back-end-developer-at-fitpage-3800208016?refId=1SVV6BCuyhqO2wYty4irjg%3D%3D&trackingId=m4W5cPtn21U9LiK7omg9mQ%3D%3D&position=10&pageNum=7&trk=public_jobs_jserp-result_search-card
Remote Python Programmer,True,[],Turing,India,https://in.linkedin.com/jobs/view/remote-python-programmer-at-turing-3808869464?refId=1SVV6BCuyhqO2wYty4irjg%3D%3D&trackingId=nIfTEosx%2FlUKmcp5n1qCYQ%3D%3D&position=11&pageNum=7&trk=public_jobs_jserp-result_search-card
Remote Python Programmer,True,[],Turing,India,https://in.linkedin.com/jobs/view/remote-python-programmer-at-turing-3808871181?refId=1SVV6BCuyhqO2wYty4irjg%3D%3D&trackingId=kiJm5Hz02HPWmtyNEwdT8A%3D%3D&position=12&pageNum=7&trk=public_jobs_jserp-result_search-card
Python Developer,False,['minimum 5 years'],Hewlett Packard Enterprise,"Hyderabad, Telangana, India",https://in.linkedin.com/jobs/view/python-developer-at-hewlett-packard-enterprise-3797001471?refId=1SVV6BCuyhqO2wYty4irjg%3D%3D&trackingId=Rx%2FAxetDbGpn6yPrrzcydg%3D%3D&position=13&pageNum=7&trk=public_jobs_jserp-result_search-card
Python Developer,False,['lities:5+ years'],Federal Soft Systems Inc.,"Bengaluru, Karnataka, India",https://in.linkedin.com/jobs/view/python-developer-at-federal-soft-systems-inc-3809812348?refId=1SVV6BCuyhqO2wYty4irjg%3D%3D&trackingId=Fa9givqW4Ijm4iNnVfsX1w%3D%3D&position=14&pageNum=7&trk=public_jobs_jserp-result_search-card
Python developer_gcp_Deepanshi,False,"['ired – 5+ years', 'levant 3+ years']",CodersBrain,"Bengaluru, Karnataka, India",https://in.linkedin.com/jobs/view/python-developer-gcp-deepanshi-at-codersbrain-3809993158?refId=1SVV6BCuyhqO2wYty4irjg%3D%3D&trackingId=FePg7hi4UNleCjVRSTMp5g%3D%3D&position=15&pageNum=7&trk=public_jobs_jserp-result_search-card
Remote Python Developer,True,[],Turing,India,https://in.linkedin.com/jobs/view/remote-python-developer-at-turing-3808867813?refId=1SVV6BCuyhqO2wYty4irjg%3D%3D&trackingId=feS1pJNuyJ%2B2HtZsTdbvRg%3D%3D&position=16&pageNum=7&trk=public_jobs_jserp-result_search-card
Remote Python Developer,True,[],Turing,India,https://in.linkedin.com/jobs/view/remote-python-developer-at-turing-3808869656?refId=1SVV6BCuyhqO2wYty4irjg%3D%3D&trackingId=hvyF5czNYir5ql1SLdzIpA%3D%3D&position=17&pageNum=7&trk=public_jobs_jserp-result_search-card
Web Developer (Core PHP),True,[' exp: 0-3 years'],GREEN BYTE WEB PVT LTD,"Gautam Buddha Nagar, Uttar Pradesh, India",https://in.linkedin.com/jobs/view/web-developer-core-php-at-green-byte-web-pvt-ltd-3800920567?refId=1SVV6BCuyhqO2wYty4irjg%3D%3D&trackingId=mVCFuGCL6WoooayvOYX%2Bow%3D%3D&position=18&pageNum=7&trk=public_jobs_jserp-result_search-card
